{"cameraMode":{"drawMode":0,"name":"Shaded","section":"Shading Mode"},"sceneLighting":true,"audioPlay":false,"sceneViewState":{"m_AlwaysRefresh":false,"showFog":true,"showSkybox":true,"showFlares":true,"showImageEffects":true,"showParticleSystems":true,"showVisualEffectGraphs":true,"m_FxEnabled":true},"in2DMode":false,"pivot":{"x":4.281721591949463,"y":0.08504533767700196,"z":3.2238283157348635},"rotation":{"x":-0.21723121404647828,"y":-0.3968452513217926,"z":0.09724533557891846,"w":-0.8864955902099609},"size":6.995546817779541,"orthographic":false}