{"cameraMode":{"drawMode":0,"name":"Shaded","section":"Shading Mode"},"sceneLighting":false,"audioPlay":false,"sceneViewState":{"m_AlwaysRefresh":false,"showFog":true,"showSkybox":false,"showFlares":true,"showImageEffects":true,"showParticleSystems":true,"showVisualEffectGraphs":true,"m_FxEnabled":true},"in2DMode":false,"pivot":{"x":0.09030413627624512,"y":1.923431396484375,"z":0.019541025161743165},"rotation":{"x":-0.27424439787864687,"y":-0.006638395134359598,"z":0.0018936819396913052,"w":-0.9616382122039795},"size":2.641340732574463,"orthographic":false}